Result,Test,Duration,Links,Error Details
Failed,dq checks/parquet_files/test_facility_name_min_time_spent_per_visit_date.py::test_check_count,669 ms,,"source_data =                   facility_name  visit_date  min_time_spent
0                  Davies-Wolfe  2000-01-01              5...nford  2025-11-22              20
34446  Moreno, Wong and Sanford  2025-11-23              31

[34447 rows x 3 columns]
target_data =               facility_name visit_date  min_time_spent
0              Davies-Wolfe 2000-01-01              54
1       ...h and Clark 2025-11-01              34
42994  Lee, Singh and Clark 2025-11-21              32

[42995 rows x 3 columns]
data_quality_library = <src.data_quality.data_quality_validation_library.DataQualityLibrary object at 0x726fac772120>

    @pytest.mark.parquet_data
    @pytest.mark.facility_name_min_time_spent_per_visit_date
    @pytest.mark.completeness
    def test_check_count(source_data, target_data, data_quality_library):
        """"""Compare record counts: target (aggregated) should be == source (raw)""""""
>       data_quality_library.check_count(
            source_data,
            target_data,
            source_name=""source (visits_facilities)"",
            target_name=""target (aggregated parquet)""
        )

PyTest DQ Framework/tests/dq checks/parquet_files/test_facility_name_min_time_spent_per_visit_date.py:73: 
_ _ _ _ _ _ _ _ _ _ _ _ _ _ _ _ _ _ _ _ _ _ _ _ _ _ _ _ _ _ _ _ _ _ _ _ _ _ _ _ 

source_df =                   facility_name  visit_date  min_time_spent
0                  Davies-Wolfe  2000-01-01              5...nford  2025-11-22              20
34446  Moreno, Wong and Sanford  2025-11-23              31

[34447 rows x 3 columns]
target_df =               facility_name visit_date  min_time_spent
0              Davies-Wolfe 2000-01-01              54
1       ...h and Clark 2025-11-01              34
42994  Lee, Singh and Clark 2025-11-21              32

[42995 rows x 3 columns]
source_name = 'source (visits_facilities)'
target_name = 'target (aggregated parquet)'

    @staticmethod
    def check_count(source_df: DataFrame, target_df: DataFrame,
                   source_name: str = ""source"", target_name: str = ""target"") -> None:
        """"""
        Compare record counts between source and target datasets.
    
        For aggregated data, target count should be <= source count.
        Use tolerance to allow acceptable variance.
    
        Args:
            source_df (DataFrame): Source dataset
            target_df (DataFrame): Target dataset (typically aggregated)
            source_name (str): Name of source dataset for messages
            target_name (str): Name of target dataset for messages
            tolerance (int): Acceptable difference in record counts (default: 0)
    
        Raises:
            AssertionError: If counts don't meet expectations
        """"""
        if not isinstance(source_df, pd.DataFrame):
            raise TypeError(f""{source_name} must be a pandas DataFrame."")
        if not isinstance(target_df, pd.DataFrame):
            raise TypeError(f""{target_name} must be a pandas DataFrame."")
    
        source_count = len(source_df)
        target_count = len(target_df)
    
        # For aggregated target data, target should have fewer or equal records than source
        assert target_count > 0, f""{target_name} is empty (0 records)""
        assert source_count > 0, f""{source_name} is empty (0 records)""
    
        # Log the counts for visibility
        print(f""\nRecord Count Comparison:"")
        print(f""  {source_name}: {source_count:,} records"")
        print(f""  {target_name}: {target_count:,} records"")
        print(f""  Difference: {source_count - target_count:,} records"")
        print(f""  Ratio: {target_count/source_count:.2%} (target/source)"")
    
        # For aggregated data, target should be smaller or equal
>       assert target_count == source_count, (
               ^^^^^^^^^^^^^^^^^^^^^^^^^^^^
            f""{target_name} has MORE records than {source_name}! ""
            f""Target: {target_count:,}, Source: {source_count:,}""
        )
E       AssertionError: target (aggregated parquet) has MORE records than source (visits_facilities)! Target: 42,995, Source: 34,447

PyTest DQ Framework/src/data_quality/data_quality_validation_library.py:87: AssertionError

----------------------------- Captured stdout call -----------------------------

Record Count Comparison:
  source (visits_facilities): 34,447 records
  target (aggregated parquet): 42,995 records
  Difference: -8,548 records
  Ratio: 124.81% (target/source)"
Failed,dq checks/parquet_files/test_facility_name_min_time_spent_per_visit_date.py::test_check_data_completeness,345 ms,,"source_data =                   facility_name  visit_date  min_time_spent
0                  Davies-Wolfe  2000-01-01              5...nford  2025-11-22              20
34446  Moreno, Wong and Sanford  2025-11-23              31

[34447 rows x 3 columns]
target_data =               facility_name visit_date  min_time_spent
0              Davies-Wolfe 2000-01-01              54
1       ...h and Clark 2025-11-01              34
42994  Lee, Singh and Clark 2025-11-21              32

[42995 rows x 3 columns]
data_quality_library = <src.data_quality.data_quality_validation_library.DataQualityLibrary object at 0x726fac772120>

    @pytest.mark.smoke
    @pytest.mark.parquet_data
    @pytest.mark.facility_name_min_time_spent_per_visit_date
    @pytest.mark.completeness
    def test_check_data_completeness(source_data, target_data, data_quality_library):
        """"""
        Validate that target aggregation matches source data.
    
        Target transformation:
        - GROUP BY facility_name, visit_date (from visit_timestamp)
        - MIN(duration_minutes) AS min_time_spent
        """"""
>       data_quality_library.check_data_completeness(
            source_df=source_data,
            target_df=target_data,
            source_groupby_cols=['facility_name', 'visit_date'],
            source_agg_col='duration_minutes',
            target_groupby_cols=['facility_name', 'visit_date'],
            target_agg_col='min_time_spent',
            agg_function='min',
            source_name=""source (Postgres visits_facilities)"",
            target_name=""target (parquet aggregated)""
        )

PyTest DQ Framework/tests/dq checks/parquet_files/test_facility_name_min_time_spent_per_visit_date.py:93: 
_ _ _ _ _ _ _ _ _ _ _ _ _ _ _ _ _ _ _ _ _ _ _ _ _ _ _ _ _ _ _ _ _ _ _ _ _ _ _ _ 

source_df =                   facility_name  visit_date  min_time_spent
0                  Davies-Wolfe  2000-01-01              5...nford  2025-11-22              20
34446  Moreno, Wong and Sanford  2025-11-23              31

[34447 rows x 3 columns]
target_df =               facility_name visit_date  min_time_spent
0              Davies-Wolfe 2000-01-01              54
1       ...h and Clark 2025-11-01              34
42994  Lee, Singh and Clark 2025-11-21              32

[42995 rows x 3 columns]
source_groupby_cols = ['facility_name', 'visit_date']
source_agg_col = 'duration_minutes'
target_groupby_cols = ['facility_name', 'visit_date']
target_agg_col = 'min_time_spent', agg_function = 'min'
source_name = 'source (Postgres visits_facilities)'
target_name = 'target (parquet aggregated)', numeric_tolerance = 0.01

    @staticmethod
    def check_data_completeness(
        source_df: DataFrame,
        target_df: DataFrame,
        source_groupby_cols: list,
        source_agg_col: str,
        target_groupby_cols: list,
        target_agg_col: str,
        agg_function: str = ""min"",
        source_name: str = ""source"",
        target_name: str = ""target"",
        numeric_tolerance: float = 0.01,
    ) -> None:
        """"""
        Compare source and target DataFrames directly without performing grouping.
        Requires `source_df` to already be pre-aggregated at the same grain as `target_df`.
        """"""
        # Validate inputs
        if not isinstance(source_df, pd.DataFrame):
            raise TypeError(f""{source_name} must be a pandas DataFrame."")
        if not isinstance(target_df, pd.DataFrame):
            raise TypeError(f""{target_name} must be a pandas DataFrame."")
    
        # Columns to compare (use target names)
        group_cols = list(target_groupby_cols)
        val_col = target_agg_col
    
        # Ensure target has the comparison columns
        missing_t = [c for c in group_cols + [val_col] if c not in target_df.columns]
        assert not missing_t, f""{target_name} missing columns: {missing_t}""
    
        # Prepare source for comparison:
        # if source already has target val col, use it; otherwise try to rename source_agg_col -> val_col
        if all(c in source_df.columns for c in group_cols + [val_col]):
            s = source_df[group_cols + [val_col]].copy()
        elif all(c in source_df.columns for c in group_cols + [source_agg_col]):
            s = source_df[group_cols + [source_agg_col]].copy().rename(columns={source_agg_col: val_col})
        else:
            missing_s = [c for c in group_cols + [source_agg_col] if c not in source_df.columns]
            raise AssertionError(
                f""{source_name} missing required pre-aggregated columns: {missing_s}. ""
                ""This check requires source to already be aggregated to the same grain as target.""
            )
    
        t = target_df[group_cols + [val_col]].copy()
    
        # Ensure source is pre-aggregated (no duplicate group keys)
        dup_mask = s.duplicated(subset=group_cols, keep=False)
        if dup_mask.any():
            raise AssertionError(
                f""{source_name} appears to have multiple rows per group (must be pre-aggregated). ""
                f""Example duplicates:\n{s[dup_mask].head(5)}""
            )
    
        # Normalize date/timestamp columns and numeric column
        def _normalize_dates(df, cols):
            for c in cols:
                if 'date' in c.lower() or 'timestamp' in c.lower():
                    if c in df.columns:
                        df[c] = pd.to_datetime(df[c], errors='coerce').dt.normalize()
    
        _normalize_dates(s, group_cols)
        _normalize_dates(t, group_cols)
    
        s[val_col] = pd.to_numeric(s[val_col], errors='coerce')
        t[val_col] = pd.to_numeric(t[val_col], errors='coerce')
    
        # Drop rows with any NA in key or value columns (they are invalid for comparison)
        s = s.dropna(subset=group_cols + [val_col])
        t = t.dropna(subset=group_cols + [val_col])
    
        # Sort deterministically
        s = s.sort_values(by=group_cols).reset_index(drop=True)
        t = t.sort_values(by=group_cols).reset_index(drop=True)
    
        # Quick shape check with helpful diagnostics
        if s.shape != t.shape:
            merged = s.merge(t, on=group_cols, how='outer', indicator=True)
            missing_in_target = merged[merged['_merge'] == 'left_only'][group_cols].head(5)
            extra_in_target = merged[merged['_merge'] == 'right_only'][group_cols].head(5)
            msg = (
                f""Shape mismatch: {source_name} {s.shape} vs {target_name} {t.shape}.\n""
            )
            if not missing_in_target.empty:
                msg += f""Groups in {source_name} but missing in {target_name} (examples):\n{missing_in_target.to_string(index=False)}\n""
            if not extra_in_target.empty:
                msg += f""Groups in {target_name} but missing in {source_name} (examples):\n{extra_in_target.to_string(index=False)}\n""
>           raise AssertionError(msg)
E           AssertionError: Shape mismatch: source (Postgres visits_facilities) (34447, 3) vs target (parquet aggregated) (42995, 3).
E           Groups in source (Postgres visits_facilities) but missing in target (parquet aggregated) (examples):
E                      facility_name visit_date
E                       Davies-Wolfe 2025-11-23
E               Lee, Singh and Clark 2025-11-23
E           Moreno, Wong and Sanford 2025-11-23

PyTest DQ Framework/src/data_quality/data_quality_validation_library.py:179: AssertionError"
Failed,dq checks/parquet_files/test_facility_name_min_time_spent_per_visit_date.py::test_check_no_duplicates,28 ms,,"target_data =               facility_name visit_date  min_time_spent
0              Davies-Wolfe 2000-01-01              54
1       ...h and Clark 2025-11-01              34
42994  Lee, Singh and Clark 2025-11-21              32

[42995 rows x 3 columns]
data_quality_library = <src.data_quality.data_quality_validation_library.DataQualityLibrary object at 0x726fac772120>

    @pytest.mark.smoke
    @pytest.mark.parquet_data
    @pytest.mark.facility_name_min_time_spent_per_visit_date
    @pytest.mark.uniqueness
    def test_check_no_duplicates(target_data, data_quality_library):
        """"""Check that there are no duplicate rows in the dataset.""""""
>       data_quality_library.check_duplicates(
            target_data,
            column_names=[""facility_name"", ""visit_date"", ""min_time_spent""],
            dataset_name=""facility_name_min_time_spent_per_visit_date""
        )

PyTest DQ Framework/tests/dq checks/parquet_files/test_facility_name_min_time_spent_per_visit_date.py:112: 
_ _ _ _ _ _ _ _ _ _ _ _ _ _ _ _ _ _ _ _ _ _ _ _ _ _ _ _ _ _ _ _ _ _ _ _ _ _ _ _ 

df =               facility_name visit_date  min_time_spent
0              Davies-Wolfe 2000-01-01              54
1       ...h and Clark 2025-11-01              34
42994  Lee, Singh and Clark 2025-11-21              32

[42995 rows x 3 columns]
column_names = ['facility_name', 'visit_date', 'min_time_spent']
dataset_name = 'facility_name_min_time_spent_per_visit_date'

    @staticmethod
    def check_duplicates(df: DataFrame, column_names=None, dataset_name: str = ""dataset"") -> None:
        """"""
        Check for duplicate rows in a DataFrame.
        Args:
            df (DataFrame): The DataFrame to check for duplicates.
            column_names (list, optional): List of column names to check for duplicates.
                                          If None, checks all columns.
            dataset_name (str): Name of the dataset for error messages.
    
        Raises:
            AssertionError: If duplicate rows are found.
        """"""
        if not isinstance(df, pd.DataFrame):
            raise TypeError(f""{dataset_name} must be a pandas DataFrame."")
    
        # Determine which columns to check
        columns_to_check = column_names if column_names else df.columns.tolist()
    
        # Find duplicates
        duplicates = df[df.duplicated(subset=columns_to_check, keep=False)]
    
        if not duplicates.empty:
            # Get count of duplicates
            duplicate_count = df.duplicated(subset=columns_to_check).sum()
    
            # Show example of duplicates
            example_duplicates = duplicates.head(5)
    
>           assert False, (
                   ^^^^^
                f""{dataset_name} contains {duplicate_count} duplicate row(s) ""
                f""based on columns {columns_to_check}.\n""
                f""Example duplicates:\n{example_duplicates}""
            )
E           AssertionError: facility_name_min_time_spent_per_visit_date contains 8551 duplicate row(s) based on columns ['facility_name', 'visit_date', 'min_time_spent'].
E           Example duplicates:
E                      facility_name visit_date  min_time_spent
E           28  Lee, Singh and Clark 2000-01-01              33
E           29  Lee, Singh and Clark 2000-01-02              60
E           30  Lee, Singh and Clark 2000-01-03              32
E           31  Lee, Singh and Clark 2000-01-04              46
E           32  Lee, Singh and Clark 2000-01-05              16

PyTest DQ Framework/src/data_quality/data_quality_validation_library.py:42: AssertionError"
Failed,dq checks/parquet_files/test_facility_type_avg_time_spent_per_visit_date.py::test_check_count,483 ms,,"source_data =       facility_type  visit_date  avg_time_spent
0            Clinic  2000-01-01           33.00
1            Clinic  2...445   Urgent Care  2025-11-21           30.00
34446   Urgent Care  2025-11-22           17.00

[34447 rows x 3 columns]
target_data =           facility_type visit_date  avg_time_spent
0                Clinic 2000-11-27           22.00
1               ...pecialty Center 2025-11-12           24.00
24994            Clinic 2025-11-11           29.50

[24995 rows x 3 columns]
data_quality_library = <src.data_quality.data_quality_validation_library.DataQualityLibrary object at 0x726fac772120>

    @pytest.mark.parquet_data
    @pytest.mark.facility_type_avg_time_spent_per_visit_date
    @pytest.mark.completeness
    def test_check_count(source_data, target_data, data_quality_library):
        """"""Compare record counts: target (aggregated) should be == source (raw)""""""
>       data_quality_library.check_count(
            source_data,
            target_data,
            source_name=""source (visits_facilities)"",
            target_name=""target (aggregated parquet)""
        )

PyTest DQ Framework/tests/dq checks/parquet_files/test_facility_type_avg_time_spent_per_visit_date.py:85: 
_ _ _ _ _ _ _ _ _ _ _ _ _ _ _ _ _ _ _ _ _ _ _ _ _ _ _ _ _ _ _ _ _ _ _ _ _ _ _ _ 

source_df =       facility_type  visit_date  avg_time_spent
0            Clinic  2000-01-01           33.00
1            Clinic  2...445   Urgent Care  2025-11-21           30.00
34446   Urgent Care  2025-11-22           17.00

[34447 rows x 3 columns]
target_df =           facility_type visit_date  avg_time_spent
0                Clinic 2000-11-27           22.00
1               ...pecialty Center 2025-11-12           24.00
24994            Clinic 2025-11-11           29.50

[24995 rows x 3 columns]
source_name = 'source (visits_facilities)'
target_name = 'target (aggregated parquet)'

    @staticmethod
    def check_count(source_df: DataFrame, target_df: DataFrame,
                   source_name: str = ""source"", target_name: str = ""target"") -> None:
        """"""
        Compare record counts between source and target datasets.
    
        For aggregated data, target count should be <= source count.
        Use tolerance to allow acceptable variance.
    
        Args:
            source_df (DataFrame): Source dataset
            target_df (DataFrame): Target dataset (typically aggregated)
            source_name (str): Name of source dataset for messages
            target_name (str): Name of target dataset for messages
            tolerance (int): Acceptable difference in record counts (default: 0)
    
        Raises:
            AssertionError: If counts don't meet expectations
        """"""
        if not isinstance(source_df, pd.DataFrame):
            raise TypeError(f""{source_name} must be a pandas DataFrame."")
        if not isinstance(target_df, pd.DataFrame):
            raise TypeError(f""{target_name} must be a pandas DataFrame."")
    
        source_count = len(source_df)
        target_count = len(target_df)
    
        # For aggregated target data, target should have fewer or equal records than source
        assert target_count > 0, f""{target_name} is empty (0 records)""
        assert source_count > 0, f""{source_name} is empty (0 records)""
    
        # Log the counts for visibility
        print(f""\nRecord Count Comparison:"")
        print(f""  {source_name}: {source_count:,} records"")
        print(f""  {target_name}: {target_count:,} records"")
        print(f""  Difference: {source_count - target_count:,} records"")
        print(f""  Ratio: {target_count/source_count:.2%} (target/source)"")
    
        # For aggregated data, target should be smaller or equal
>       assert target_count == source_count, (
               ^^^^^^^^^^^^^^^^^^^^^^^^^^^^
            f""{target_name} has MORE records than {source_name}! ""
            f""Target: {target_count:,}, Source: {source_count:,}""
        )
E       AssertionError: target (aggregated parquet) has MORE records than source (visits_facilities)! Target: 24,995, Source: 34,447

PyTest DQ Framework/src/data_quality/data_quality_validation_library.py:87: AssertionError

----------------------------- Captured stdout call -----------------------------

Record Count Comparison:
  source (visits_facilities): 34,447 records
  target (aggregated parquet): 24,995 records
  Difference: 9,452 records
  Ratio: 72.56% (target/source)"
Failed,dq checks/parquet_files/test_facility_type_avg_time_spent_per_visit_date.py::test_check_data_completeness,132 ms,,"source_data =       facility_type  visit_date  avg_time_spent
0            Clinic  2000-01-01           33.00
1            Clinic  2...445   Urgent Care  2025-11-21           30.00
34446   Urgent Care  2025-11-22           17.00

[34447 rows x 3 columns]
target_data =           facility_type visit_date  avg_time_spent
0                Clinic 2000-11-27           22.00
1               ...pecialty Center 2025-11-12           24.00
24994            Clinic 2025-11-11           29.50

[24995 rows x 3 columns]
data_quality_library = <src.data_quality.data_quality_validation_library.DataQualityLibrary object at 0x726fac772120>

    @pytest.mark.smoke
    @pytest.mark.parquet_data
    @pytest.mark.facility_type_avg_time_spent_per_visit_date
    @pytest.mark.completeness
    def test_check_data_completeness(source_data, target_data, data_quality_library):
        """"""
        Validate that target aggregation matches source data.
    
        Target transformation:
        - GROUP BY facility_type, visit_date (from visit_timestamp)
        - AVG(duration_minutes) AS avg_time_spent
        """"""
>       data_quality_library.check_data_completeness(
            source_df=source_data,
            target_df=target_data,
            source_groupby_cols=['facility_type', 'visit_date'],
            source_agg_col='duration_minutes',
            target_groupby_cols=['facility_type', 'visit_date'],
            target_agg_col='avg_time_spent',
            agg_function='avg',
            source_name=""source (Postgres visits_facilities)"",
            target_name=""target (parquet aggregated)""
        )

PyTest DQ Framework/tests/dq checks/parquet_files/test_facility_type_avg_time_spent_per_visit_date.py:105: 
_ _ _ _ _ _ _ _ _ _ _ _ _ _ _ _ _ _ _ _ _ _ _ _ _ _ _ _ _ _ _ _ _ _ _ _ _ _ _ _ 

source_df =       facility_type  visit_date  avg_time_spent
0            Clinic  2000-01-01           33.00
1            Clinic  2...445   Urgent Care  2025-11-21           30.00
34446   Urgent Care  2025-11-22           17.00

[34447 rows x 3 columns]
target_df =           facility_type visit_date  avg_time_spent
0                Clinic 2000-11-27           22.00
1               ...pecialty Center 2025-11-12           24.00
24994            Clinic 2025-11-11           29.50

[24995 rows x 3 columns]
source_groupby_cols = ['facility_type', 'visit_date']
source_agg_col = 'duration_minutes'
target_groupby_cols = ['facility_type', 'visit_date']
target_agg_col = 'avg_time_spent', agg_function = 'avg'
source_name = 'source (Postgres visits_facilities)'
target_name = 'target (parquet aggregated)', numeric_tolerance = 0.01

    @staticmethod
    def check_data_completeness(
        source_df: DataFrame,
        target_df: DataFrame,
        source_groupby_cols: list,
        source_agg_col: str,
        target_groupby_cols: list,
        target_agg_col: str,
        agg_function: str = ""min"",
        source_name: str = ""source"",
        target_name: str = ""target"",
        numeric_tolerance: float = 0.01,
    ) -> None:
        """"""
        Compare source and target DataFrames directly without performing grouping.
        Requires `source_df` to already be pre-aggregated at the same grain as `target_df`.
        """"""
        # Validate inputs
        if not isinstance(source_df, pd.DataFrame):
            raise TypeError(f""{source_name} must be a pandas DataFrame."")
        if not isinstance(target_df, pd.DataFrame):
            raise TypeError(f""{target_name} must be a pandas DataFrame."")
    
        # Columns to compare (use target names)
        group_cols = list(target_groupby_cols)
        val_col = target_agg_col
    
        # Ensure target has the comparison columns
        missing_t = [c for c in group_cols + [val_col] if c not in target_df.columns]
        assert not missing_t, f""{target_name} missing columns: {missing_t}""
    
        # Prepare source for comparison:
        # if source already has target val col, use it; otherwise try to rename source_agg_col -> val_col
        if all(c in source_df.columns for c in group_cols + [val_col]):
            s = source_df[group_cols + [val_col]].copy()
        elif all(c in source_df.columns for c in group_cols + [source_agg_col]):
            s = source_df[group_cols + [source_agg_col]].copy().rename(columns={source_agg_col: val_col})
        else:
            missing_s = [c for c in group_cols + [source_agg_col] if c not in source_df.columns]
            raise AssertionError(
                f""{source_name} missing required pre-aggregated columns: {missing_s}. ""
                ""This check requires source to already be aggregated to the same grain as target.""
            )
    
        t = target_df[group_cols + [val_col]].copy()
    
        # Ensure source is pre-aggregated (no duplicate group keys)
        dup_mask = s.duplicated(subset=group_cols, keep=False)
        if dup_mask.any():
            raise AssertionError(
                f""{source_name} appears to have multiple rows per group (must be pre-aggregated). ""
                f""Example duplicates:\n{s[dup_mask].head(5)}""
            )
    
        # Normalize date/timestamp columns and numeric column
        def _normalize_dates(df, cols):
            for c in cols:
                if 'date' in c.lower() or 'timestamp' in c.lower():
                    if c in df.columns:
                        df[c] = pd.to_datetime(df[c], errors='coerce').dt.normalize()
    
        _normalize_dates(s, group_cols)
        _normalize_dates(t, group_cols)
    
        s[val_col] = pd.to_numeric(s[val_col], errors='coerce')
        t[val_col] = pd.to_numeric(t[val_col], errors='coerce')
    
        # Drop rows with any NA in key or value columns (they are invalid for comparison)
        s = s.dropna(subset=group_cols + [val_col])
        t = t.dropna(subset=group_cols + [val_col])
    
        # Sort deterministically
        s = s.sort_values(by=group_cols).reset_index(drop=True)
        t = t.sort_values(by=group_cols).reset_index(drop=True)
    
        # Quick shape check with helpful diagnostics
        if s.shape != t.shape:
            merged = s.merge(t, on=group_cols, how='outer', indicator=True)
            missing_in_target = merged[merged['_merge'] == 'left_only'][group_cols].head(5)
            extra_in_target = merged[merged['_merge'] == 'right_only'][group_cols].head(5)
            msg = (
                f""Shape mismatch: {source_name} {s.shape} vs {target_name} {t.shape}.\n""
            )
            if not missing_in_target.empty:
                msg += f""Groups in {source_name} but missing in {target_name} (examples):\n{missing_in_target.to_string(index=False)}\n""
            if not extra_in_target.empty:
                msg += f""Groups in {target_name} but missing in {source_name} (examples):\n{extra_in_target.to_string(index=False)}\n""
>           raise AssertionError(msg)
E           AssertionError: Shape mismatch: source (Postgres visits_facilities) (34447, 3) vs target (parquet aggregated) (24995, 3).
E           Groups in source (Postgres visits_facilities) but missing in target (parquet aggregated) (examples):
E           facility_type visit_date
E                  Clinic 2000-01-01
E                  Clinic 2000-01-02
E                  Clinic 2000-01-03
E                  Clinic 2000-01-04
E                  Clinic 2000-01-05

PyTest DQ Framework/src/data_quality/data_quality_validation_library.py:179: AssertionError"
Failed,dq checks/parquet_files/test_patient_sum_treatment_cost_per_facility_type.py::test_check_not_null_values,40 ms,,"target_data =    facility_type          full_name  sum_treatment_cost
0         Clinic       Cheryl Clark         -1625686.43
1     ...e      Timothy Clark          1701890.19
63   Urgent Care               None         25344476.19

[64 rows x 3 columns]
data_quality_library = <src.data_quality.data_quality_validation_library.DataQualityLibrary object at 0x726fac772120>

    @pytest.mark.smoke
    @pytest.mark.parquet_data
    @pytest.mark.patient_sum_treatment_cost_per_facility_type
    @pytest.mark.validity_check
    def test_check_not_null_values(target_data, data_quality_library):
>       data_quality_library.check_not_null_values(
            target_data,
            [""facility_type"", ""full_name"", ""sum_treatment_cost""],
        )

PyTest DQ Framework/tests/dq checks/parquet_files/test_patient_sum_treatment_cost_per_facility_type.py:55: 
_ _ _ _ _ _ _ _ _ _ _ _ _ _ _ _ _ _ _ _ _ _ _ _ _ _ _ _ _ _ _ _ _ _ _ _ _ _ _ _ 

df =    facility_type          full_name  sum_treatment_cost
0         Clinic       Cheryl Clark         -1625686.43
1     ...e      Timothy Clark          1701890.19
63   Urgent Care               None         25344476.19

[64 rows x 3 columns]
column_names = ['facility_type', 'full_name', 'sum_treatment_cost']
dataset_name = 'dataset'

    @staticmethod
    def check_not_null_values(df: DataFrame, column_names=None, dataset_name: str = ""dataset"") -> None:
        columns = column_names or df.columns
        null_counts = df[columns].isnull().sum()
        failing = null_counts[null_counts > 0]
>       assert failing.empty, f""{dataset_name} has NULL values: {failing.to_dict()}""
               ^^^^^^^^^^^^^
E       AssertionError: dataset has NULL values: {'full_name': 4}

PyTest DQ Framework/src/data_quality/data_quality_validation_library.py:216: AssertionError"
Failed,dq checks/parquet_files/test_patient_sum_treatment_cost_per_facility_type.py::test_check_count,245 ms,,"source_data =     facility_type          full_name  sum_treatment_cost
0          Clinic      Angela Burton          1477601.69
1   ...      Terri Medina          1668192.88
119   Urgent Care      Timothy Clark          1701890.19

[120 rows x 3 columns]
target_data =    facility_type          full_name  sum_treatment_cost
0         Clinic       Cheryl Clark         -1625686.43
1     ...e      Timothy Clark          1701890.19
63   Urgent Care               None         25344476.19

[64 rows x 3 columns]
data_quality_library = <src.data_quality.data_quality_validation_library.DataQualityLibrary object at 0x726fac772120>

    @pytest.mark.parquet_data
    @pytest.mark.patient_sum_treatment_cost_per_facility_type
    @pytest.mark.completeness
    def test_check_count(source_data, target_data, data_quality_library):
        """"""Compare record counts: target (aggregated) should be == source (raw)""""""
>       data_quality_library.check_count(
            source_data,
            target_data,
            source_name=""source (visits_facilities_patients)"",
            target_name=""target (aggregated parquet)""
        )

PyTest DQ Framework/tests/dq checks/parquet_files/test_patient_sum_treatment_cost_per_facility_type.py:86: 
_ _ _ _ _ _ _ _ _ _ _ _ _ _ _ _ _ _ _ _ _ _ _ _ _ _ _ _ _ _ _ _ _ _ _ _ _ _ _ _ 

source_df =     facility_type          full_name  sum_treatment_cost
0          Clinic      Angela Burton          1477601.69
1   ...      Terri Medina          1668192.88
119   Urgent Care      Timothy Clark          1701890.19

[120 rows x 3 columns]
target_df =    facility_type          full_name  sum_treatment_cost
0         Clinic       Cheryl Clark         -1625686.43
1     ...e      Timothy Clark          1701890.19
63   Urgent Care               None         25344476.19

[64 rows x 3 columns]
source_name = 'source (visits_facilities_patients)'
target_name = 'target (aggregated parquet)'

    @staticmethod
    def check_count(source_df: DataFrame, target_df: DataFrame,
                   source_name: str = ""source"", target_name: str = ""target"") -> None:
        """"""
        Compare record counts between source and target datasets.
    
        For aggregated data, target count should be <= source count.
        Use tolerance to allow acceptable variance.
    
        Args:
            source_df (DataFrame): Source dataset
            target_df (DataFrame): Target dataset (typically aggregated)
            source_name (str): Name of source dataset for messages
            target_name (str): Name of target dataset for messages
            tolerance (int): Acceptable difference in record counts (default: 0)
    
        Raises:
            AssertionError: If counts don't meet expectations
        """"""
        if not isinstance(source_df, pd.DataFrame):
            raise TypeError(f""{source_name} must be a pandas DataFrame."")
        if not isinstance(target_df, pd.DataFrame):
            raise TypeError(f""{target_name} must be a pandas DataFrame."")
    
        source_count = len(source_df)
        target_count = len(target_df)
    
        # For aggregated target data, target should have fewer or equal records than source
        assert target_count > 0, f""{target_name} is empty (0 records)""
        assert source_count > 0, f""{source_name} is empty (0 records)""
    
        # Log the counts for visibility
        print(f""\nRecord Count Comparison:"")
        print(f""  {source_name}: {source_count:,} records"")
        print(f""  {target_name}: {target_count:,} records"")
        print(f""  Difference: {source_count - target_count:,} records"")
        print(f""  Ratio: {target_count/source_count:.2%} (target/source)"")
    
        # For aggregated data, target should be smaller or equal
>       assert target_count == source_count, (
               ^^^^^^^^^^^^^^^^^^^^^^^^^^^^
            f""{target_name} has MORE records than {source_name}! ""
            f""Target: {target_count:,}, Source: {source_count:,}""
        )
E       AssertionError: target (aggregated parquet) has MORE records than source (visits_facilities_patients)! Target: 64, Source: 120

PyTest DQ Framework/src/data_quality/data_quality_validation_library.py:87: AssertionError

----------------------------- Captured stdout call -----------------------------

Record Count Comparison:
  source (visits_facilities_patients): 120 records
  target (aggregated parquet): 64 records
  Difference: 56 records
  Ratio: 53.33% (target/source)"
Failed,dq checks/parquet_files/test_patient_sum_treatment_cost_per_facility_type.py::test_check_data_completeness,15 ms,,"source_data =     facility_type          full_name  sum_treatment_cost
0          Clinic      Angela Burton          1477601.69
1   ...      Terri Medina          1668192.88
119   Urgent Care      Timothy Clark          1701890.19

[120 rows x 3 columns]
target_data =    facility_type          full_name  sum_treatment_cost
0         Clinic       Cheryl Clark         -1625686.43
1     ...e      Timothy Clark          1701890.19
63   Urgent Care               None         25344476.19

[64 rows x 3 columns]
data_quality_library = <src.data_quality.data_quality_validation_library.DataQualityLibrary object at 0x726fac772120>

    @pytest.mark.smoke
    @pytest.mark.parquet_data
    @pytest.mark.patient_sum_treatment_cost_per_facility_type
    @pytest.mark.completeness
    def test_check_data_completeness(source_data, target_data, data_quality_library):
        """"""
        Validate that target aggregation matches source data.
    
        Target transformation:
        - GROUP BY facility_type and full_name as first_name + last_name
        sum_treatment_cost as SUM(v.treatment_cost)
        """"""
>       data_quality_library.check_data_completeness(
            source_df=source_data,
            target_df=target_data,
            source_groupby_cols=['facility_type', 'full_name'],
            source_agg_col='sum_treatment_cost',
            target_groupby_cols=['facility_type', 'full_name'],
            target_agg_col='sum_treatment_cost',
            agg_function='sum',
            source_name=""source (Postgres visits_facilities_patients)"",
            target_name=""target (parquet aggregated)""
        )

PyTest DQ Framework/tests/dq checks/parquet_files/test_patient_sum_treatment_cost_per_facility_type.py:105: 
_ _ _ _ _ _ _ _ _ _ _ _ _ _ _ _ _ _ _ _ _ _ _ _ _ _ _ _ _ _ _ _ _ _ _ _ _ _ _ _ 

source_df =     facility_type          full_name  sum_treatment_cost
0          Clinic      Angela Burton          1477601.69
1   ...      Terri Medina          1668192.88
119   Urgent Care      Timothy Clark          1701890.19

[120 rows x 3 columns]
target_df =    facility_type          full_name  sum_treatment_cost
0         Clinic       Cheryl Clark         -1625686.43
1     ...e      Timothy Clark          1701890.19
63   Urgent Care               None         25344476.19

[64 rows x 3 columns]
source_groupby_cols = ['facility_type', 'full_name']
source_agg_col = 'sum_treatment_cost'
target_groupby_cols = ['facility_type', 'full_name']
target_agg_col = 'sum_treatment_cost', agg_function = 'sum'
source_name = 'source (Postgres visits_facilities_patients)'
target_name = 'target (parquet aggregated)', numeric_tolerance = 0.01

    @staticmethod
    def check_data_completeness(
        source_df: DataFrame,
        target_df: DataFrame,
        source_groupby_cols: list,
        source_agg_col: str,
        target_groupby_cols: list,
        target_agg_col: str,
        agg_function: str = ""min"",
        source_name: str = ""source"",
        target_name: str = ""target"",
        numeric_tolerance: float = 0.01,
    ) -> None:
        """"""
        Compare source and target DataFrames directly without performing grouping.
        Requires `source_df` to already be pre-aggregated at the same grain as `target_df`.
        """"""
        # Validate inputs
        if not isinstance(source_df, pd.DataFrame):
            raise TypeError(f""{source_name} must be a pandas DataFrame."")
        if not isinstance(target_df, pd.DataFrame):
            raise TypeError(f""{target_name} must be a pandas DataFrame."")
    
        # Columns to compare (use target names)
        group_cols = list(target_groupby_cols)
        val_col = target_agg_col
    
        # Ensure target has the comparison columns
        missing_t = [c for c in group_cols + [val_col] if c not in target_df.columns]
        assert not missing_t, f""{target_name} missing columns: {missing_t}""
    
        # Prepare source for comparison:
        # if source already has target val col, use it; otherwise try to rename source_agg_col -> val_col
        if all(c in source_df.columns for c in group_cols + [val_col]):
            s = source_df[group_cols + [val_col]].copy()
        elif all(c in source_df.columns for c in group_cols + [source_agg_col]):
            s = source_df[group_cols + [source_agg_col]].copy().rename(columns={source_agg_col: val_col})
        else:
            missing_s = [c for c in group_cols + [source_agg_col] if c not in source_df.columns]
            raise AssertionError(
                f""{source_name} missing required pre-aggregated columns: {missing_s}. ""
                ""This check requires source to already be aggregated to the same grain as target.""
            )
    
        t = target_df[group_cols + [val_col]].copy()
    
        # Ensure source is pre-aggregated (no duplicate group keys)
        dup_mask = s.duplicated(subset=group_cols, keep=False)
        if dup_mask.any():
            raise AssertionError(
                f""{source_name} appears to have multiple rows per group (must be pre-aggregated). ""
                f""Example duplicates:\n{s[dup_mask].head(5)}""
            )
    
        # Normalize date/timestamp columns and numeric column
        def _normalize_dates(df, cols):
            for c in cols:
                if 'date' in c.lower() or 'timestamp' in c.lower():
                    if c in df.columns:
                        df[c] = pd.to_datetime(df[c], errors='coerce').dt.normalize()
    
        _normalize_dates(s, group_cols)
        _normalize_dates(t, group_cols)
    
        s[val_col] = pd.to_numeric(s[val_col], errors='coerce')
        t[val_col] = pd.to_numeric(t[val_col], errors='coerce')
    
        # Drop rows with any NA in key or value columns (they are invalid for comparison)
        s = s.dropna(subset=group_cols + [val_col])
        t = t.dropna(subset=group_cols + [val_col])
    
        # Sort deterministically
        s = s.sort_values(by=group_cols).reset_index(drop=True)
        t = t.sort_values(by=group_cols).reset_index(drop=True)
    
        # Quick shape check with helpful diagnostics
        if s.shape != t.shape:
            merged = s.merge(t, on=group_cols, how='outer', indicator=True)
            missing_in_target = merged[merged['_merge'] == 'left_only'][group_cols].head(5)
            extra_in_target = merged[merged['_merge'] == 'right_only'][group_cols].head(5)
            msg = (
                f""Shape mismatch: {source_name} {s.shape} vs {target_name} {t.shape}.\n""
            )
            if not missing_in_target.empty:
                msg += f""Groups in {source_name} but missing in {target_name} (examples):\n{missing_in_target.to_string(index=False)}\n""
            if not extra_in_target.empty:
                msg += f""Groups in {target_name} but missing in {source_name} (examples):\n{extra_in_target.to_string(index=False)}\n""
>           raise AssertionError(msg)
E           AssertionError: Shape mismatch: source (Postgres visits_facilities_patients) (120, 3) vs target (parquet aggregated) (60, 3).
E           Groups in source (Postgres visits_facilities_patients) but missing in target (parquet aggregated) (examples):
E           facility_type      full_name
E                  Clinic  Angela Burton
E                  Clinic Cameron Murphy
E                  Clinic  David Mcguire
E                  Clinic Deborah Carson
E                  Clinic    Eric Wilson

PyTest DQ Framework/src/data_quality/data_quality_validation_library.py:179: AssertionError"
Passed,dq checks/parquet_files/test_facility_name_min_time_spent_per_visit_date.py::test_check_not_null_values,00:00:03,,No log output captured.
Passed,dq checks/parquet_files/test_facility_name_min_time_spent_per_visit_date.py::test_check_dataset_is_not_empty,10 ms,,No log output captured.
Passed,dq checks/parquet_files/test_facility_type_avg_time_spent_per_visit_date.py::test_check_dataset_is_not_empty,00:00:02,,No log output captured.
Passed,dq checks/parquet_files/test_facility_type_avg_time_spent_per_visit_date.py::test_check_not_null_values,14 ms,,No log output captured.
Passed,dq checks/parquet_files/test_facility_type_avg_time_spent_per_visit_date.py::test_check_no_duplicates,8 ms,,No log output captured.
Passed,dq checks/parquet_files/test_patient_sum_treatment_cost_per_facility_type.py::test_check_dataset_is_not_empty,1 ms,,No log output captured.
Passed,dq checks/parquet_files/test_patient_sum_treatment_cost_per_facility_type.py::test_check_no_duplicates,2 ms,,No log output captured.
Passed,test_postgres_facilities.py::test_check_postgres_facilities_is_not_empty,4 ms,,No log output captured.
Passed,test_postgres_facilities.py::test_check_not_null_values,4 ms,,No log output captured.
Passed,test_postgres_facilities.py::test_check_no_duplicates,2 ms,,No log output captured.
Passed,test_postgres_patiens.py::test_check_postgres_patients_is_not_empty,3 ms,,No log output captured.
Passed,test_postgres_patiens.py::test_check_not_null_values,2 ms,,No log output captured.
Passed,test_postgres_patiens.py::test_check_no_duplicates,1 ms,,No log output captured.
Passed,test_postgres_visits.py::test_check_postgres_visits_is_not_empty,525 ms,,No log output captured.
Passed,test_postgres_visits.py::test_check_not_null_values,7 ms,,No log output captured.
Passed,test_postgres_visits.py::test_check_no_duplicates,25 ms,,No log output captured.
